id,adresse
0,5435 Penatibus St.
1,605-4432 Cras Street
2,936-337 Sit St.
3,P.O. Box 123	 450 Enim Rd.
4,428-8573 Et	 Ave
5,P.O. Box 254	 3069 Posuere	 Rd.
6,375-4429 Pellentesque. Avenue
7,118-8480 Ultrices St.
8,P.O. Box 287	 7429 Fermentum Ave
9,Ap #968-3272 Dictum St.
10,6445 Elit	 Avenue
11,Ap #518-6593 Sed Rd.
12,Ap #666-4133 Egestas Ave
13,Ap #536-5211 Aliquam St.
14,Ap #886-7097 Placerat. Avenue
15,Ap #430-2752 Mollis St.
16,Ap #330-4384 Suspendisse Avenue
17,800-2492 Duis Road
18,4489 Vulputate	 Rd.
19,383-5695 Nisi. Av.
20,Ap #437-6753 Fusce Rd.
21,7598 Massa. St.
22,137-2243 Ridiculus St.
23,Ap #794-4468 Hendrerit Street
24,Ap #432-861 Dolor. Street
25,474-460 Vel St.
26,Ap #857-268 A	 Street
27,Ap #771-4084 Tempor Street
28,399-3070 Placerat St.
29,870-8595 Vitae Rd.
30,Ap #652-7826 Sapien Avenue
31,P.O. Box 686	 9952 Praesent Rd.
32,667-8078 Elit	 Ave
33,953-7132 Egestas. Road
34,Ap #255-4429 Non	 Rd.
35,Ap #384-960 Aenean Avenue
36,373-9000 Erat St.
37,P.O. Box 763	 117 At	 Street
38,166-3087 Eu Road
39,254-1610 Iaculis	 Rd.
40,939-7821 Vulputate Rd.
41,Ap #576-2702 Ut	 Avenue
42,488 Non St.
43,165-9895 Eu Street
44,591-2939 Varius. Ave
45,235-6868 Eu	 Rd.
46,9317 Nonummy. Av.
47,Ap #426-1795 Sed Rd.
48,Ap #931-3318 Libero Ave
49,P.O. Box 422	 6700 Accumsan Avenue
50,2567 Pellentesque Av.
51,P.O. Box 915	 4018 Cursus St.
52,Ap #322-2210 Vehicula. Rd.
53,P.O. Box 533	 4334 Ullamcorper	 Av.
54,428-7425 Tincidunt Rd.
55,Ap #687-8704 Enim. Av.
56,274-8024 Non	 Street
57,Ap #624-5608 Tortor	 Rd.
58,773-274 Non	 Av.
59,P.O. Box 299	 6987 Nec Avenue
60,Ap #878-6180 Feugiat St.
61,Ap #738-1213 In Road
62,272-2157 Felis St.
63,Ap #755-1597 Scelerisque Street
64,Ap #631-3176 Lorem Road
65,Ap #363-9815 Primis Avenue
66,Ap #675-1312 Cursus St.
67,179-1225 Eu Rd.
68,Ap #295-8927 Eu Street
69,9342 Quis Road
70,Ap #350-9992 Eget Rd.
71,6203 Odio	 St.
72,Ap #407-5315 Tincidunt Avenue
73,Ap #279-6628 Donec Avenue
74,257-1362 Ac Street
75,278-496 Suspendisse Ave
76,Ap #624-6240 Urna. St.
77,Ap #555-8098 A	 Rd.
78,179-7468 Ac	 Av.
79,236-8987 Aenean Ave
80,Ap #954-1025 Sit Ave
81,288-736 Malesuada Avenue
82,5662 Dolor. Ave
83,Ap #234-915 Lectus	 Ave
84,315-6301 Mi. Av.
85,Ap #527-9993 Interdum. Avenue
86,Ap #948-9962 Eu Rd.
87,220-1643 Diam Ave
88,606-5706 Eu Avenue
89,Ap #967-9876 Sit St.
90,Ap #599-5625 Turpis. Street
91,2865 Ad Rd.
92,734-106 A St.
93,8399 Erat. Avenue
94,P.O. Box 164	 1868 Dolor	 Rd.
95,1364 Accumsan Rd.
96,114-3632 Lorem Rd.
97,Ap #461-7844 Donec Avenue
98,Ap #694-9013 Enim. Av.
99,Ap #346-8650 Aliquet. Ave
100,Ap #241-2860 Laoreet Rd.
101,Ap #946-7975 Diam Street
102,699-4995 Erat. Road
103,Ap #304-163 Duis Rd.
104,Ap #467-7468 At	 Av.
105,P.O. Box 421	 9192 Nonummy Street
106,402-9999 Integer Avenue
107,P.O. Box 776	 2726 Feugiat Av.
108,Ap #406-9886 Nunc. Av.
109,416-2623 Luctus	 St.
110,Ap #111-6673 Aptent Rd.
111,430-483 Facilisis Street
112,442-9907 Consequat Avenue
113,553-3954 Bibendum St.
114,Ap #554-9849 Et St.
115,P.O. Box 726	 9353 Lacus	 Street
116,Ap #768-4403 Non Rd.
117,899-6853 Facilisi. St.
118,659-8845 Nulla Street
119,Ap #823-7464 Egestas Avenue
120,Ap #712-5744 Hendrerit Ave
121,Ap #530-4374 Phasellus Rd.
122,204-7818 Magna Rd.
123,8807 Cursus. Street
124,1459 Sed	 St.
125,1983 In	 Street
126,Ap #472-8197 Ac Av.
127,Ap #114-3898 Id Road
128,Ap #386-7893 Adipiscing Ave
129,202-7516 Est St.
130,P.O. Box 638	 4365 Nibh St.
131,927-7675 Consectetuer Ave
132,P.O. Box 963	 5751 Congue Road
133,234-1951 Ut	 Rd.
134,Ap #777-5310 Commodo Road
135,366-6380 Mattis Avenue
136,1542 Commodo St.
137,254-6181 Phasellus Avenue
138,Ap #567-1204 Luctus	 Rd.
139,Ap #419-8357 Ut Rd.
140,943-3901 Aliquam Street
141,760-8297 Donec Rd.
142,Ap #244-4453 Lacus. Avenue
143,P.O. Box 752	 1440 Sapien	 Street
144,Ap #743-6671 Urna. Av.
145,P.O. Box 651	 3890 Eget	 Av.
146,2915 At Rd.
147,285-3390 Ante	 St.
148,P.O. Box 530	 8812 Magna. Rd.
149,P.O. Box 301	 1560 Tellus Avenue
150,P.O. Box 808	 2243 Risus. Ave
151,8069 Facilisis St.
152,253-8905 Augue Avenue
153,Ap #314-6835 Consequat Rd.
154,860-1542 Imperdiet St.
155,715-8025 Mauris Rd.
156,224-6520 Dolor. Av.
157,343-979 Turpis Av.
158,9775 Sociosqu Avenue
159,Ap #415-2173 Convallis Rd.
160,Ap #426-8726 Fringilla Rd.
161,3906 Dui	 Rd.
162,Ap #584-5212 Suspendisse Av.
163,P.O. Box 700	 8081 Non	 Road
164,398-6878 Aliquet. Avenue
165,Ap #641-2598 Augue Av.
166,170-2885 Tincidunt Avenue
167,746-3926 Fusce Av.
168,1885 Blandit Rd.
169,733-9021 Ut	 St.
170,5829 Ante Road
171,890-3324 Suspendisse St.
172,Ap #195-2542 Ornare Av.
173,Ap #820-6688 Tempus St.
174,Ap #661-8543 Facilisis. St.
175,381-1088 Enim Road
176,Ap #284-1063 Fusce Rd.
177,238-4249 Arcu. Rd.
178,810-4745 Rhoncus. St.
179,P.O. Box 646	 9276 Nonummy Av.
180,Ap #443-8221 Dignissim Road
181,Ap #250-6955 Dolor. Rd.
182,106-2902 A Road
183,P.O. Box 925	 1079 Tellus	 Rd.
184,P.O. Box 389	 132 Sociis Rd.
185,6585 Odio Ave
186,2472 Egestas Ave
187,Ap #856-1219 Tortor. Avenue
188,Ap #484-768 In	 Road
189,Ap #986-2594 Nascetur St.
190,Ap #152-4021 Et	 St.
191,Ap #536-4353 Lorem St.
192,Ap #609-4182 Aliquet. Rd.
193,266-6190 Suspendisse Avenue
194,312-9355 Sit Street
195,492-5844 Lacinia Rd.
196,P.O. Box 477	 5960 Semper Road
197,191-8617 Nam St.
198,Ap #217-2339 Laoreet	 St.
199,P.O. Box 253	 1840 Tincidunt Rd.
200,Ap #426-3260 Non Ave
201,Ap #163-1601 Nunc Av.
202,P.O. Box 942	 9689 Nulla. Rd.
203,Ap #766-6255 Nunc Avenue
204,P.O. Box 316	 6018 Donec St.
205,8550 Ac	 Road
206,Ap #447-2656 Nulla. Rd.
207,Ap #321-9848 Consectetuer Rd.
208,830-9349 Semper Road
209,P.O. Box 273	 284 Sagittis St.
210,295-7357 Nam Street
211,4242 Justo St.
212,110-2538 Luctus	 St.
213,Ap #633-1214 Nec	 Road
214,Ap #520-603 Tincidunt Rd.
215,1913 Tristique Street
216,810-3846 Urna. Street
217,Ap #209-9251 Arcu. St.
218,Ap #462-5258 Eleifend	 Rd.
219,Ap #898-2561 Sed Road
220,106-6885 Cras Road
221,406-4932 Vel Av.
222,P.O. Box 732	 3137 Sed Rd.
223,1855 Ut	 St.
224,4687 Dapibus Ave
225,Ap #470-1818 Cursus Ave
226,Ap #982-6272 Arcu. Road
227,278-7721 Nullam St.
228,P.O. Box 316	 1432 Diam Street
229,774-6487 Eget Rd.
230,577-8155 Quis	 Av.
231,595-7274 Aliquam Road
232,8296 Turpis Av.
233,P.O. Box 461	 7127 Magna. Av.
234,P.O. Box 776	 1300 Dui Av.
235,546-3947 Sem Av.
236,P.O. Box 908	 7058 Eu	 Rd.
237,608 Urna. Ave
238,Ap #101-9859 Tempor Av.
239,P.O. Box 533	 4132 Rhoncus. Ave
240,Ap #800-9036 Fusce Street
241,608-4346 Velit. Rd.
242,6492 Nec	 Rd.
243,Ap #528-5102 Lacus. St.
244,7948 Nulla St.
245,666-2284 Lobortis Rd.
246,569-2004 Nam Rd.
247,6842 Tellus Road
248,Ap #256-9279 Suspendisse Ave
249,Ap #551-105 Dui Ave
250,788-8553 Sit St.
251,203 Euismod Av.
252,9577 Nunc Ave
253,119-8520 Nulla Street
254,Ap #681-1560 Ornare Street
255,165-679 Pede	 St.
256,4442 Donec Rd.
257,Ap #380-2201 Mi St.
258,Ap #655-8637 Interdum. St.
259,P.O. Box 647	 2466 Nisi Rd.
260,629-2413 Sit Road
261,P.O. Box 812	 6208 Proin Ave
262,349-4196 Et Road
263,671-140 Semper Avenue
264,P.O. Box 910	 5043 Erat. Ave
265,P.O. Box 377	 4562 Vel	 Road
266,499-6737 Lectus. Avenue
267,Ap #172-9487 Donec Street
268,Ap #234-4675 Amet Rd.
269,507-1215 Nec	 Rd.
270,764-9364 Aenean Rd.
271,659-1669 Quam Avenue
272,Ap #337-3759 Lorem	 Rd.
273,750-4472 Ligula Road
274,371-5024 Consequat Av.
275,1565 Luctus Av.
276,5753 Mauris Avenue
277,701-8307 Eu Avenue
278,P.O. Box 748	 9740 Odio St.
279,Ap #280-3590 Donec Street
280,Ap #215-2167 Ac Av.
281,569-6143 Pellentesque St.
282,999 Quam St.
283,P.O. Box 990	 4855 Porta Street
284,Ap #825-2574 Lobortis Av.
285,Ap #786-4254 Dictum Ave
286,275-8352 Lacus. Rd.
287,870-209 Placerat	 Street
288,Ap #546-8701 Ultrices St.
289,1635 Et Road
290,817 Pede. St.
291,480-2894 Placerat Street
292,571-3016 Egestas Rd.
293,797-4311 Arcu. Ave
294,964-438 Erat. St.
295,852-276 Diam St.
296,219-1755 Libero Rd.
297,880-5938 Sed St.
298,615-2225 Dolor St.
299,Ap #859-9022 Vulputate	 Ave
300,754-1300 A	 Rd.
301,229-8164 Augue St.
302,Ap #591-3412 Ligula. Rd.
303,Ap #429-7265 Nec	 Road
304,P.O. Box 829	 4329 Gravida Av.
305,142-4133 Curabitur Rd.
306,728-4880 Laoreet	 Rd.
307,6838 Magna. St.
308,P.O. Box 972	 3098 Ullamcorper. St.
309,Ap #814-974 Tincidunt Rd.
310,P.O. Box 481	 1404 A Avenue
311,Ap #973-8151 At Street
312,Ap #530-7633 Sed Avenue
313,3848 Ut Ave
314,P.O. Box 300	 6566 Nisi Street
315,"16 Pl. du Général de Gaulle, 59000 Lille"
316,6904 Libero Avenue
317,796-8214 Aenean Rd.
318,Ap #794-2982 Et Avenue
319,527-5348 Lobortis Street
320,P.O. Box 790	 5811 Ultrices. Road
321,Ap #840-4227 Montes	 St.
322,Ap #404-2813 Ante Av.
323,903-4381 Sed Road
324,Ap #745-1254 Ridiculus Avenue
325,253-2843 Dui. St.
326,Ap #908-5109 Eu Ave
327,535-1471 Nulla Road
328,Ap #891-2149 Neque. Road
329,3317 Mauris St.
330,P.O. Box 233	 1675 Massa Av.
331,4470 Aliquet	 Road
332,3289 Orci	 Ave
333,968-1565 Nisl. Road
334,683-1428 Congue. Avenue
335,933-8786 Non Road
336,Ap #869-3911 Litora Avenue
337,Ap #807-9704 Pellentesque Avenue
338,Ap #413-1630 Vitae St.
339,626-525 Lectus. St.
340,8795 Feugiat. Road
341,672-8264 Nulla Rd.
342,P.O. Box 477	 5276 Molestie Ave
343,Ap #917-7877 Sollicitudin Ave
344,340-2479 Risus. Road
345,Ap #157-9573 Dignissim St.
346,318-1228 Libero. Av.
347,393-8054 Tempor St.
348,Ap #813-2728 Sapien. Avenue
349,P.O. Box 562	 9405 Lorem	 Avenue
350,7691 Quis Avenue
351,2831 Metus Rd.
352,705-4727 Non	 St.
353,P.O. Box 393	 7035 Adipiscing. Ave
354,886-446 Non	 Ave
355,4151 Aliquam Av.
356,P.O. Box 650	 4269 Neque Avenue
357,Ap #848-8516 Curabitur Av.
358,Ap #599-7975 Blandit St.
359,P.O. Box 797	 1740 Orci Ave
360,Ap #517-5561 Fermentum Av.
361,Ap #528-7092 Sodales. Rd.
362,827-4712 Risus. Street
363,P.O. Box 971	 4926 A Av.
364,814-6907 Quis Rd.
365,Ap #994-6301 At Road
366,Ap #898-6209 Vestibulum Street
367,618-8859 A Road
368,Ap #307-3664 Lobortis Street
369,100-1403 Lorem St.
370,3450 Risus	 St.
371,405-3159 Hendrerit Ave
372,Ap #861-6736 Cum Street
373,117-9525 Scelerisque Ave
374,Ap #695-1111 Diam St.
375,P.O. Box 515	 8333 Non Ave
376,1724 Eu Avenue
377,Ap #966-9729 Molestie. St.
378,Ap #690-2710 Eu	 Av.
379,397-9093 Metus Rd.
380,535-9510 Nam Rd.
381,Ap #246-4558 Eleifend St.
382,7751 Nisl Avenue
383,Ap #363-5522 Nunc Rd.
384,610-3552 Dolor Rd.
385,812-9478 Magna St.
386,394 Nam Road
387,Ap #761-1648 Ut Road
388,Ap #798-6654 Imperdiet Avenue
389,Ap #103-4423 Elementum Road
390,Ap #258-207 Curae Avenue
391,5250 Eu Av.
392,984-8146 Ipsum. St.
393,Ap #206-5008 Nullam Road
394,Ap #883-7423 Aliquam Avenue
395,730-3277 Netus St.
396,451-393 In Av.
397,Ap #641-8781 Lectus Rd.
398,Ap #399-5047 Interdum Rd.
399,383-5419 Sed Avenue
400,Ap #324-1409 Ut Rd.
401,Ap #160-7216 Quis	 Rd.
402,Ap #765-9467 Tellus Rd.
403,727-475 Quis Rd.
404,152 Ante Road
405,Ap #102-7261 Arcu. Rd.
406,232-8181 Neque Rd.
407,235-4360 Ac Av.
408,4708 Nunc St.
409,389-5057 Nunc Rd.
410,Ap #537-3946 Rutrum	 St.
411,Ap #399-7524 Semper	 Road
412,777-8847 Vitae St.
413,625-4998 Morbi Ave
414,Ap #748-2970 Ultrices Avenue
415,Ap #286-2366 Purus. Av.
416,276-6410 Proin Ave
417,P.O. Box 755	 475 Eu Ave
418,9402 Sed St.
419,718 Primis Av.
420,6043 Auctor Street
421,817-983 Dolor St.
422,Ap #759-8321 Nulla St.
423,Ap #578-767 Vel	 Street
424,P.O. Box 586	 9463 Laoreet St.
425,4486 Feugiat Av.
426,413-5760 Dignissim Ave
427,Ap #155-5820 Pede	 Avenue
428,Ap #152-6331 Est. Av.
429,Ap #634-5221 Dui Av.
430,645 Elit	 St.
431,252-8578 A Street
432,Ap #107-2557 Non St.
433,714-7856 Vel Street
434,270-163 Volutpat. Av.
435,477-5136 Nulla. Ave
436,962-1311 Ridiculus Rd.
437,Ap #159-7499 Per Avenue
438,Ap #869-3384 Dui St.
439,4585 Pretium Rd.
440,Ap #294-8700 Etiam St.
441,P.O. Box 579	 2650 Eget Road
442,173-9898 Aliquet St.
443,Ap #367-3264 Ante Street
444,415-8747 Sociis Rd.
445,684-1959 Tristique Av.
446,Ap #360-1415 Mauris	 St.
447,2741 Ultricies Road
448,620-8720 Quis Road
449,Ap #693-5540 Molestie Avenue
450,879-4805 Pellentesque	 St.
451,Ap #731-5139 Cursus Avenue
452,Ap #390-9894 Justo Ave
453,Ap #298-2317 Ridiculus Road
454,Ap #693-2227 Eu Rd.
455,Ap #317-4534 Cum Road
456,554 Turpis Street
457,Ap #875-2534 Vehicula Avenue
458,Ap #288-2505 At St.
459,282-9295 Ut Rd.
460,497-3960 Magnis St.
461,442-2374 Sed Street
462,618-9664 Integer Road
463,Ap #790-1761 Elementum Road
464,224-4844 Cras Rd.
465,876-8455 Orci Rd.
466,P.O. Box 469	 1054 Lectus Rd.
467,3656 Consequat St.
468,Ap #431-7087 Consectetuer	 St.
469,2247 Fermentum Rd.
470,900-8396 Varius St.
471,Ap #724-3667 Lacus. Street
472,P.O. Box 924	 7996 Lorem Road
473,Ap #726-4431 Non St.
474,Ap #362-2681 Nam Road
475,P.O. Box 173	 2666 Ante Rd.
476,2337 Nulla St.
477,927-9650 Consectetuer Av.
478,8645 Ipsum Ave
479,P.O. Box 491	 304 Est. Road
480,P.O. Box 484	 7704 Iaculis Ave
481,P.O. Box 269	 6134 Non	 St.
482,378-5963 Ipsum. Road
483,282-9167 Ornare Ave
484,348-5452 Sodales Street
485,Ap #388-6133 Elit Avenue
486,P.O. Box 515	 1859 Vitae Ave
487,Ap #157-5184 Fringilla St.
488,179 Gravida. Rd.
489,P.O. Box 655	 9923 Luctus Rd.
490,2120 Orci St.
491,P.O. Box 900	 6053 Posuere	 St.
492,417-4315 Et St.
493,507-7971 Arcu. Avenue
494,2358 Eu St.
495,Ap #996-2993 Sit St.
496,613-9894 Mauris Avenue
497,P.O. Box 636	 6380 Adipiscing Avenue
498,Ap #700-3440 Malesuada Avenue
499,Ap #299-5937 Eget	 Ave
500,7291 Ornare	 Road
501,Ap #992-2637 Risus. Av.
502,826-6500 Libero Rd.
503,4458 Ipsum Ave
504,P.O. Box 833	 8627 Faucibus Street
505,3547 Ac Rd.
506,8523 Enim Road
507,359-5462 Laoreet St.
508,803-3593 Nunc. Ave
509,Ap #699-8591 Nulla Av.
510,560-7270 Sociis Road
511,Ap #723-7048 Eget Avenue
512,9280 Sociis Ave
513,761-7430 Quis Av.
514,P.O. Box 554	 2592 Scelerisque Road
515,P.O. Box 749	 6214 Dui Avenue
516,Ap #693-2394 Integer St.
517,Ap #136-4181 Phasellus Av.
518,296-9254 Ipsum Avenue
519,Ap #695-2344 Ullamcorper Av.
520,Ap #927-7358 Nisl. Avenue
521,Ap #498-1448 Suspendisse Rd.
522,252-4434 Et Av.
523,7746 Tellus. Rd.
524,121-982 Non	 Street
525,913-6714 Felis St.
526,Ap #586-1448 Elit. Av.
527,Ap #617-9244 Egestas Street
528,Ap #230-7696 Auctor. Street
529,426-1076 Dapibus Ave
530,537-4758 Donec Av.
531,319-6695 Amet	 Avenue
532,P.O. Box 532	 8810 Dictum. Street
533,229-7974 Fermentum Road
534,800-1624 Dolor	 Rd.
535,835-6900 Dapibus St.
536,304-5177 Id St.
537,173-1780 Interdum. Ave
538,327-3841 Mauris Road
539,568-8677 Facilisis Rd.
540,Ap #668-153 Aliquet. Avenue
541,Ap #469-1095 Faucibus Road
542,3731 Condimentum. Avenue
543,Ap #705-2465 Pede. Av.
544,5523 Molestie Road
545,8291 Est Rd.
546,Ap #389-6711 Amet	 Rd.
547,400-5016 Dapibus Av.
548,462-8514 Nascetur Rd.
549,Ap #329-2830 A	 Ave
550,792-3157 Diam Street
551,1230 Lobortis St.
552,Ap #305-2829 Proin Rd.
553,955-3737 Mi Street
554,Ap #251-1860 Accumsan Avenue
555,4380 Ultricies Road
556,Ap #978-9842 Ipsum. St.
557,Ap #551-7743 Ornare	 Av.
558,Ap #149-6836 Imperdiet St.
559,Ap #406-4724 Quis Av.
560,Ap #637-6195 Augue. Street
561,1164 Sociis Rd.
562,P.O. Box 953	 2017 Risus. Av.
563,7718 Ultricies Road
564,Ap #168-2172 Hendrerit Ave
565,760-9661 Duis Road
566,P.O. Box 367	 8006 Montes	 Street
567,898-9287 Magnis St.
568,2839 Et	 Avenue
569,1784 Egestas Rd.
570,P.O. Box 911	 5379 Tincidunt	 Rd.
571,Ap #362-2876 Massa Ave
572,P.O. Box 151	 9557 Vivamus Ave
573,Ap #553-6835 Id	 Rd.
574,P.O. Box 657	 8854 Dui. St.
575,Ap #158-6430 Ut Street
576,8942 Dui Av.
577,P.O. Box 356	 4428 At	 Ave
578,Ap #467-8181 Aliquam St.
579,P.O. Box 844	 8489 Et Rd.
580,214-8817 Pharetra	 Rd.
581,771-4899 Felis. Rd.
582,P.O. Box 182	 9350 At	 Ave
583,621-1764 A Rd.
584,Ap #338-5129 Cras Street
585,775-1466 Per St.
586,Ap #951-6444 Mauris Rd.
587,373-8502 Mauris Street
588,720-6020 Integer St.
589,Ap #108-9668 Ante. Rd.
590,852-1106 Leo	 St.
591,Ap #238-6017 Tellus Rd.
592,162-8120 Cras Street
593,Ap #766-9919 At St.
594,Ap #934-3894 Commodo Av.
595,P.O. Box 659	 7631 Sed Road
596,Ap #295-4345 Pulvinar Street
597,235-7859 Quis Avenue
598,166-8045 Nullam Street
599,Ap #187-8513 Ultricies Av.
600,Ap #549-6772 Sit Av.
601,P.O. Box 432	 7224 Rhoncus. Road
602,Ap #940-6994 Blandit Ave
603,715-6275 Egestas Rd.
604,692-674 Nec Street
605,Ap #676-5112 Ipsum. Street
606,P.O. Box 295	 3670 Felis	 St.
607,Ap #651-5044 Ultrices. St.
608,7986 Curabitur Road
609,197-1265 Vulputate St.
610,P.O. Box 166	 5608 Posuere St.
611,447-9550 Tempus Avenue
612,9864 Nulla Av.
613,8698 Quam St.
614,979-8940 Elementum	 Avenue
615,Ap #519-2362 Venenatis Avenue
616,341-9230 Mus. Road
617,Ap #481-4160 Vehicula Rd.
618,655-6399 Aliquet. St.
619,P.O. Box 532	 4334 Ante. St.
620,P.O. Box 640	 9582 Dolor. St.
621,664-5035 Vel Avenue
622,P.O. Box 534	 3608 Vestibulum Street
623,P.O. Box 350	 4374 Enim	 St.
624,Ap #865-6186 Lectus Rd.
625,Ap #338-7191 Sit Street
626,Ap #845-2352 Eleifend Street
627,426-2683 Sit Av.
628,Ap #203-8546 Enim. Av.
629,6081 Aenean St.
630,Ap #174-9832 Adipiscing St.
631,798-9905 Aliquam Av.
632,9042 Nunc Street
633,P.O. Box 425	 6004 Ornare. Rd.
634,Ap #983-7112 Fusce St.
635,Ap #152-8049 Pellentesque Ave
636,Ap #511-9017 Egestas Ave
637,410-7508 In Ave
638,Ap #164-7602 Diam Street
639,8364 Netus Ave
640,894-1675 At Av.
641,216-332 Semper Road
642,154-4114 Donec St.
643,5849 Ut Rd.
644,Ap #852-866 Vulputate Ave
645,Ap #869-8164 Non	 Road
646,P.O. Box 833	 7093 Vel Rd.
647,841-2506 Nec Av.
648,Ap #823-7950 Ut	 Av.
649,P.O. Box 961	 7647 Libero. Avenue
650,P.O. Box 816	 812 Quis	 St.
651,Ap #887-3779 Non	 Avenue
652,655-8914 Cursus Av.
653,147-9925 Sollicitudin Road
654,Ap #656-5217 Phasellus Rd.
655,752-1345 Nonummy Av.
656,489-9741 Ipsum. Street
657,914-3356 Vulputate	 Rd.
658,Ap #765-9254 Velit St.
659,306-3822 Quis St.
660,210-9117 Nullam Av.
661,276-475 Diam Avenue
662,Ap #833-2272 Nunc Av.
663,Ap #156-1288 Mus. Rd.
664,5562 Maecenas Rd.
665,291-3159 Non St.
666,Ap #346-7991 Quam Rd.
667,Ap #679-3827 Non Rd.
668,5285 Diam. St.
669,761-8353 In Avenue
670,780-2685 Sed Ave
671,Ap #842-7962 Malesuada Rd.
672,P.O. Box 535	 965 Nec	 Avenue
673,1034 A	 St.
674,632-1729 Pede	 St.
675,343-4849 Euismod Rd.
676,Ap #692-6285 Pede Avenue
677,5847 Convallis Rd.
678,P.O. Box 264	 1946 Aliquet Rd.
679,Ap #749-6517 Egestas Av.
680,Ap #229-7897 Faucibus Rd.
681,699-6668 Interdum Rd.
682,653 Donec Av.
683,8023 Neque Av.
684,Ap #715-8747 Proin St.
685,8762 Massa St.
686,Ap #589-2482 Augue Road
687,Ap #991-8229 Tincidunt St.
688,560-5174 Malesuada Street
689,787 Fermentum Ave
690,900-1936 Enim	 Street
691,P.O. Box 915	 7344 Sem Ave
692,Ap #598-8429 Facilisis St.
693,219-9663 Luctus Street
694,607-5885 Nunc Road
695,P.O. Box 825	 5780 Nec Rd.
696,673-931 Purus Rd.
697,444-260 Sagittis Ave
698,Ap #817-2947 Pharetra Rd.
699,P.O. Box 623	 3308 Integer Street
700,484-6149 Auctor Rd.
701,956-6857 Velit Ave
702,Ap #519-6543 Nulla Avenue
703,839-2989 Nec Street
704,246-7655 Cras Rd.
705,P.O. Box 998	 2629 Tristique Av.
706,Ap #290-6975 Urna Street
707,514-1039 Lacus. Ave
708,Ap #311-4316 Vitae Av.
709,Ap #841-3456 Amet	 Street
710,P.O. Box 867	 5237 Sagittis. Avenue
711,366-8610 Mauris	 St.
712,579-5745 Aenean Avenue
713,1535 Ornare. St.
714,3199 Ipsum. Avenue
715,Ap #151-4633 Aliquet. Rd.
716,Ap #978-8327 Ac St.
717,Ap #650-6376 Pede Street
718,Ap #950-7638 A Rd.
719,464-441 Sem Road
720,640-7076 Ultricies Rd.
721,Ap #352-1729 Non Road
722,Ap #392-2920 A Ave
723,990-331 Nisi Rd.
724,436-3585 Donec St.
725,Ap #256-6939 Magna. Road
726,Ap #227-8008 Lorem Avenue
727,Ap #311-1701 Eleifend	 St.
728,Ap #549-9160 Cum Street
729,391-1753 Duis St.
730,Ap #500-8500 Viverra. Ave
731,P.O. Box 440	 5057 Nec St.
732,Ap #120-718 Libero Ave
733,720-9768 Elit	 St.
734,828-7170 Eu Rd.
735,429-7979 Facilisi. Avenue
736,Ap #412-3513 Mauris Rd.
737,Ap #971-4983 Cursus. Rd.
738,Ap #255-3685 Suspendisse Rd.
739,168-8757 Neque Rd.
740,475-4642 Lacinia. Avenue
741,7248 Pede	 Street
742,8121 Ipsum Ave
743,638-6339 Mus. St.
744,Ap #727-1785 Nec Road
745,119-8210 Lectus St.
746,P.O. Box 775	 7952 Cursus Road
747,473-7709 Lacinia Road
748,Ap #511-8408 Ipsum. Street
749,378-3272 Sem Av.
750,P.O. Box 343	 3348 Magna	 Ave
751,1054 Non	 Rd.
752,272-4355 Lectus Ave
753,431-8013 Vulputate St.
754,7979 Posuere St.
755,1732 Et Avenue
756,778-9756 Mauris Rd.
757,Ap #390-8510 Gravida Avenue
758,257-6387 Dictum Avenue
759,566-1986 Nunc. Ave
760,P.O. Box 878	 460 Euismod Av.
761,Ap #836-6218 Volutpat St.
762,Ap #317-4883 Eget St.
763,Ap #185-8029 Est Avenue
764,Ap #180-7373 Bibendum St.
765,Ap #158-5254 Eleifend St.
766,Ap #350-4736 Lorem. Rd.
767,Ap #509-3987 Aliquam	 Av.
768,Ap #173-5226 In Avenue
769,Ap #356-8772 Lorem Ave
770,205-715 Arcu. Rd.
771,7978 Luctus St.
772,Ap #676-975 Tellus. St.
773,683-1688 Scelerisque St.
774,823-3503 Nunc Road
775,P.O. Box 174	 5573 Integer Rd.
776,9235 Dictum Avenue
777,P.O. Box 946	 5368 Lobortis Av.
778,Ap #277-8514 Mi. Ave
779,2278 Faucibus Rd.
780,Ap #802-879 Sed Rd.
781,Ap #164-1222 Iaculis	 Street
782,1775 Sit Road
783,675-9616 Aliquam Rd.
784,501-6746 Consequat St.
785,Ap #531-9253 Duis Street
786,Ap #233-1852 Etiam Road
787,319-7402 Lacus. St.
788,363-6807 Et Rd.
789,7841 Risus Ave
790,P.O. Box 249	 5846 Arcu Rd.
791,934-6450 Mauris Ave
792,4269 Odio Road
793,Ap #944-4788 Dolor. Ave
794,Ap #883-8750 Mauris. Road
795,Ap #106-4285 Lectus Av.
796,7530 Facilisis Road
797,150-2756 Neque Road
798,934-8054 Auctor St.
799,495-2752 A Street
800,8947 Blandit. Road
801,157-1083 At	 Rd.
802,P.O. Box 444	 7642 Fringilla St.
803,Ap #212-5667 Sit Rd.
804,2927 Donec Ave
805,P.O. Box 368	 273 Est Rd.
806,6677 Suscipit St.
807,165-3265 Ut Rd.
808,Ap #263-662 In	 Avenue
809,837-9415 Tellus Street
810,831-847 Lectus Avenue
811,591-2384 Nulla Rd.
812,1274 Euismod Ave
813,906-238 Quam	 Avenue
814,Ap #887-4061 Cursus Rd.
815,Ap #572-4646 Libero. Avenue
816,7529 Mauris St.
817,P.O. Box 428	 3388 Quisque Ave
818,3983 Elit	 Street
819,655-118 Nec Rd.
820,2780 Massa. Av.
821,Ap #268-3630 Ac Road
822,P.O. Box 463	 3126 Nisl. St.
823,P.O. Box 965	 5184 Phasellus St.
824,6554 Quisque St.
825,2367 Aenean Ave
826,235-1545 Vitae Road
827,P.O. Box 368	 5218 Quam Avenue
828,276-3273 Enim. Avenue
829,P.O. Box 950	 2332 Eros. St.
830,296-6457 Sem Ave
831,Ap #281-1393 Netus Ave
832,Ap #142-8016 Ac	 Ave
833,Ap #315-8024 Non St.
834,Ap #375-4518 Senectus Avenue
835,393-8709 Fringilla	 St.
836,9797 Nisl. St.
837,178-5596 Proin Ave
838,691 Elementum	 Ave
839,P.O. Box 169	 7959 Dui St.
840,P.O. Box 273	 8891 A Street
841,Ap #938-3385 Augue Rd.
842,717-2639 A	 Rd.
843,Ap #522-4551 Diam Rd.
844,Ap #787-8066 Enim	 Street
845,101-334 Fusce Road
846,Ap #389-5213 Nec	 St.
847,Ap #496-2805 Fermentum Ave
848,Ap #716-7618 Vitae Rd.
849,P.O. Box 473	 394 Donec Street
850,Ap #297-5485 Blandit Av.
851,Ap #143-8437 Risus. Street
852,304-6508 Sodales Av.
853,Ap #698-8626 Egestas Street
854,138 Non Ave
855,P.O. Box 293	 2399 Magna. Street
856,3293 Vel	 Rd.
857,P.O. Box 424	 3598 Est	 Road
858,Ap #943-8584 Cursus Ave
859,314-5112 Mauris St.
860,1101 Adipiscing	 Street
861,P.O. Box 412	 3198 Convallis Rd.
862,Ap #568-3825 Enim. Rd.
863,192-4564 Amet Street
864,P.O. Box 829	 6559 Massa Ave
865,4448 Maecenas St.
866,5308 Gravida Street
867,Ap #957-2333 Interdum St.
868,P.O. Box 258	 3638 Eu Road
869,Ap #937-4503 Magna Rd.
870,Ap #522-3811 Ullamcorper Rd.
871,340-5730 Vel	 St.
872,116-5068 Magnis Av.
873,120-2968 Dolor Rd.
874,634 Enim	 Av.
875,Ap #167-4529 Aliquam Av.
876,279-6711 Malesuada Road
877,6057 Enim Rd.
878,Ap #605-8929 Nec Avenue
879,Ap #468-7980 Elit. St.
880,641-5954 Nunc Avenue
881,2367 Erat Rd.
882,Ap #876-3425 Commodo Street
883,P.O. Box 526	 7453 Nunc St.
884,Ap #865-8277 Mauris Avenue
885,P.O. Box 493	 5519 Magna St.
886,P.O. Box 426	 725 Nec	 Av.
887,Ap #784-2510 Feugiat Rd.
888,Ap #118-1872 Gravida St.
889,577 Convallis Road
890,2776 Proin Ave
891,883-4162 Ante. Ave
892,Ap #561-404 Mi St.
893,Ap #639-319 Porttitor Ave
894,Ap #154-3099 Vel Avenue
895,Ap #717-378 Erat. Rd.
896,8107 Quisque Rd.
897,P.O. Box 409	 9082 Consectetuer	 Road
898,P.O. Box 977	 3669 Arcu Av.
899,109-367 Egestas Av.
900,624-6423 Viverra. Ave
901,718-8331 Vitae St.
902,374-3432 Vel	 Avenue
903,274-1015 Scelerisque Street
904,P.O. Box 473	 647 Luctus	 Rd.
905,P.O. Box 878	 951 Nunc Avenue
906,P.O. Box 333	 4581 Enim. Street
907,Ap #456-6803 Cras Avenue
908,142-138 Ullamcorper. Ave
909,636-4081 Elit	 Rd.
910,1513 Sociis Av.
911,593-6215 Molestie Street
912,7285 Aliquam Rd.
913,1939 Sit Street
914,539-2156 Blandit. Ave
915,919-7895 Hymenaeos. Road
916,561-287 Nunc Avenue
917,Ap #601-9276 Augue Rd.
918,119 Tempus St.
919,570-9411 Ridiculus Rd.
920,Ap #299-6294 In St.
921,Ap #715-6604 Lobortis Street
922,406-9286 Eu	 Avenue
923,8701 Etiam Rd.
924,P.O. Box 955	 1333 Tristique St.
925,Ap #475-7793 Magna. St.
926,622-8652 Dolor Av.
927,9679 Nisl. St.
928,840-4934 Molestie Avenue
929,Ap #657-8696 Adipiscing Street
930,Ap #601-4912 Et Rd.
931,Ap #484-3845 Gravida Ave
932,201 Dolor	 Av.
933,P.O. Box 497	 5221 Pellentesque St.
934,P.O. Box 471	 6002 Imperdiet	 Avenue
935,658-9264 Neque. Avenue
936,Ap #367-9182 Non Avenue
937,3906 Placerat Ave
938,Ap #958-1093 Cursus	 Rd.
939,760-7370 Aenean St.
940,336-7801 Auctor Av.
941,7590 Erat Street
942,Ap #849-5620 Mi Road
943,Ap #920-8650 Duis Av.
944,976 Tempor Av.
945,5883 Fermentum St.
946,566-4440 Eu Avenue
947,463-4740 Et Av.
948,Ap #935-9066 Tincidunt	 St.
949,Ap #538-5989 Diam Street
950,156 Tempus Road
951,308-5284 Dolor. Av.
952,662-2115 Interdum Street
953,Ap #113-9635 Facilisis. St.
954,Ap #264-4207 Leo	 Avenue
955,Ap #138-3584 Sed Avenue
956,P.O. Box 647	 480 Mattis Avenue
957,Ap #911-1528 Cubilia Street
958,685-9435 Iaculis Ave
959,Ap #124-1869 Vitae	 Ave
960,Ap #597-338 Quisque Av.
961,Ap #270-4257 Dui St.
962,9725 Augue St.
963,861-5151 Convallis Avenue
964,153-9195 Non Rd.
965,Ap #985-4651 Sit Ave
966,817-4435 Mauris. St.
967,673-3794 Commodo Rd.
968,796-7549 Id	 Ave
969,Ap #822-1251 Hendrerit. Road
970,P.O. Box 560	 518 Mauris St.
971,Ap #901-3931 Nascetur Road
972,Ap #629-3743 Vel Rd.
973,2266 Amet Rd.
974,809-2667 Enim St.
975,5479 Et Ave
976,782-6142 Neque. Ave
977,Ap #879-3395 Donec Av.
978,Ap #607-7869 Dolor Av.
979,457-8871 Sapien Road
980,P.O. Box 502	 1016 Cursus Av.
981,Ap #247-3049 Eu Road
982,297-2679 A Rd.
983,506-1966 Mi. St.
984,Ap #613-6947 Ac Rd.
985,Ap #218-367 Sit Street
986,803-2233 Sem Ave
987,Ap #572-7888 At Av.
988,P.O. Box 326	 5022 Purus	 Ave
989,168-402 Montes	 Avenue
990,276-3995 Nullam Rd.
991,3276 Tincidunt Road
992,Ap #437-2529 Nullam Ave
993,P.O. Box 195	 3834 Facilisis	 Street
994,332-587 Porta Rd.
995,397-7631 In Avenue
996,Ap #795-1240 Ac Rd.
997,812-6458 Aliquam Ave
998,P.O. Box 159	 7213 Quisque Av.
999,219-1473 Mauris St.
1000,134-1406 Ut St.
1001,P.O. Box 623	 5155 Fusce Ave
1002,Ap #933-7059 Ligula. Rd.
1003,P.O. Box 988	 762 At Rd.
1004,1589 Orci Rd.
1005,6978 Donec St.
1006,P.O. Box 725	 7319 Egestas Rd.
1007,6890 Quis Road
1008,Ap #201-6003 Tortor	 Rd.
1009,281-1372 Luctus. Ave
1010,2020 Mauris. St.
1011,1011 Eu Ave
1012,P.O. Box 561	 9129 Sit Rd.
1013,Ap #761-8616 In Ave
1014,506-6655 Purus Road
1015,Ap #903-9944 Nulla Road
1016,9560 Mauris Road
1017,Ap #735-3423 Ipsum St.
1018,Ap #196-4425 Aliquam Avenue
1019,Ap #772-9197 Non	 Rd.
1020,Ap #784-7112 Placerat	 Street
1021,P.O. Box 638	 1863 Nec St.
1022,666-9355 Fringilla Av.
1023,432-2255 Consequat Road
1024,Ap #857-1620 Convallis Av.
1025,775-2134 Eros St.
1026,988-7530 Phasellus St.
1027,541-3459 Sit Ave
1028,878-6557 Est. Rd.
1029,Ap #875-9381 Ante Rd.
1030,Ap #579-3874 Dui. Avenue
1031,719-6326 Mollis St.
1032,P.O. Box 282	 9357 Blandit. Road
1033,5467 Donec Rd.
1034,Ap #260-9693 Sit Rd.
1035,Ap #302-1425 Convallis Street
1036,495-6780 In Rd.
1037,327-3566 Sed St.
1038,Ap #673-5081 Enim. Road
1039,865-5195 Conubia Ave
1040,Ap #214-7912 Vivamus Road
1041,404 Vel	 Ave
1042,Ap #544-6627 Urna Rd.
1043,407-3838 Nascetur Street
1044,954-2526 Molestie St.
1045,P.O. Box 632	 6317 Auctor Av.
1046,P.O. Box 205	 803 Nulla Av.
1047,5380 Nec	 Rd.
1048,691-2831 Ut Rd.
1049,2314 Molestie Ave
1050,Ap #530-1048 Volutpat. Ave
1051,Ap #930-6235 Luctus Ave
1052,193-4401 Ut Ave
1053,9299 Hymenaeos. Av.
1054,296-4876 Donec Av.
1055,1198 Nec Rd.
1056,Ap #953-7528 Enim	 Road
1057,P.O. Box 837	 6736 Elit St.
1058,Ap #988-7478 Suscipit	 Rd.
1059,2134 Pellentesque Avenue
1060,Ap #258-1253 Neque Road
1061,Ap #915-1850 Eu	 Road
1062,2496 Blandit Rd.
1063,Ap #193-7744 Interdum Street
1064,267-4639 Sodales St.
1065,Ap #343-9615 Nulla Road
1066,625-2138 Velit. Rd.
1067,2066 Integer Ave
1068,975-3180 Diam. Rd.
1069,224-2581 Ante. Road
1070,373-9370 Tincidunt	 Av.
1071,687-2388 Ornare St.
1072,Ap #702-9925 Viverra. Street
1073,593-4431 Arcu. Street
1074,979 Neque Ave
1075,P.O. Box 264	 8381 Fames Avenue
1076,P.O. Box 824	 3711 Eget Street
1077,793-4832 Proin Rd.
1078,6667 Non	 Avenue
1079,P.O. Box 941	 2162 Elit Road
1080,371-1484 Eu Rd.
1081,Ap #448-1132 Lobortis Avenue
1082,4244 Natoque Ave
1083,Ap #661-1274 Elementum	 Road
1084,324-2311 Nulla Street
1085,P.O. Box 913	 941 Sapien. Avenue
1086,P.O. Box 506	 5279 Velit. Avenue
1087,877-1835 Ipsum Street
1088,353-5017 Natoque Rd.
1089,152-474 Bibendum Road
1090,P.O. Box 793	 7393 Fusce St.
1091,330-4163 Mauris Av.
1092,169-7851 Accumsan St.
1093,195 Interdum Street
1094,5136 Sociis St.
1095,3362 Integer Road
1096,P.O. Box 705	 2959 Ligula Av.
1097,Ap #236-3100 In Street
1098,P.O. Box 494	 7524 Sit Av.
1099,7271 Nibh Avenue
1100,178-913 Eu Rd.
1101,P.O. Box 239	 6453 Ornare St.
1102,Ap #428-812 Tincidunt. Ave
1103,P.O. Box 124	 912 Tempus Av.
1104,P.O. Box 380	 1939 Molestie Road
1105,Ap #131-4839 Neque Street
1106,9302 Convallis Rd.
1107,660-6463 Lorem St.
1108,P.O. Box 579	 221 Tortor St.
1109,P.O. Box 762	 813 Adipiscing Road
1110,P.O. Box 401	 6647 Mauris Road
1111,Ap #293-7064 Leo. Ave
1112,833-9172 Tellus Rd.
1113,705-7230 Aenean Av.
1114,6178 Semper Street
1115,981-4441 Ac	 Avenue
1116,P.O. Box 216	 6467 Enim Street
1117,Ap #361-1001 Massa. Rd.
1118,Ap #715-2897 Vulputate Rd.
1119,938-7161 Et	 Ave
1120,181-4315 Rutrum St.
1121,Ap #620-9776 Integer Road
1122,5127 Tempor St.
1123,P.O. Box 730	 1989 Mattis Ave
1124,Ap #169-3003 Fringilla Avenue
1125,Ap #202-4031 Lorem St.
1126,Ap #765-3398 Sapien	 St.
1127,P.O. Box 392	 3117 Lorem Street
1128,257-2842 Vestibulum. Av.
1129,8257 Vulputate St.
1130,P.O. Box 671	 342 Etiam Road
1131,Ap #406-7395 Egestas. Av.
1132,3725 Ornare	 Rd.
1133,114-3074 Tellus Street
1134,Ap #202-7694 Eu Rd.
1135,P.O. Box 288	 9397 Sem St.
1136,Ap #891-1715 In St.
1137,P.O. Box 233	 1909 Elementum St.
1138,P.O. Box 231	 7030 Vel	 St.
1139,Ap #692-6641 Nullam Av.
1140,Ap #649-7568 Primis Road
1141,P.O. Box 636	 5786 Metus St.
1142,666-303 Non Rd.
1143,716-4485 Nec Avenue
1144,Ap #172-1636 Amet	 St.
1145,P.O. Box 868	 7608 Commodo Street
1146,Ap #706-7684 Eleifend. Rd.
1147,319-9914 A Street
1148,Ap #315-3551 Suspendisse Ave
1149,907-5796 Penatibus Ave
1150,386-3531 Magnis Av.
1151,Ap #841-6369 Arcu. Road
1152,Ap #360-6920 Nibh St.
1153,361 Molestie Road
1154,3896 Maecenas Rd.
1155,Ap #989-7787 Enim. Rd.
1156,622-5193 Nec	 Avenue
1157,Ap #126-191 Non	 Road
1158,P.O. Box 661	 2645 Dignissim Rd.
1159,P.O. Box 242	 4680 Sapien St.
1160,415 Elit Street
1161,Ap #480-3151 Risus St.
1162,P.O. Box 652	 1605 Dolor Street
1163,1670 Ultrices Rd.
1164,P.O. Box 450	 4027 Suspendisse Rd.
1165,Ap #262-716 Ut	 St.
1166,Ap #109-9793 Fringilla Ave
1167,Ap #298-2790 Nec Street
1168,Ap #963-7191 At Av.
1169,4749 Eget Street
1170,P.O. Box 492	 4220 Adipiscing Road
1171,380-1165 Eu Rd.
1172,Ap #751-1656 Aliquet Av.
1173,Ap #145-2575 Mauris St.
1174,642-8603 Nascetur Avenue
1175,Ap #635-8086 Aenean Rd.
1176,Ap #988-2953 Lorem St.
1177,Ap #236-2394 Eget Rd.
1178,Ap #764-7300 At Road
1179,Ap #560-4693 Erat Rd.
1180,8155 Auctor Street
1181,884-4859 Nullam Avenue
1182,Ap #816-7747 Donec Avenue
1183,376-4328 Ornare Road
1184,Ap #461-3594 Orci Av.
1185,329-1350 Elit	 Road
1186,779-2079 Tempor Avenue
1187,358-8794 Sed Street
1188,9836 Magnis Av.
1189,875 Fringilla	 Rd.
1190,Ap #245-8521 Erat. Rd.
1191,969-6551 Rutrum Road
1192,690-8874 Leo. St.
1193,Ap #468-7420 Diam. St.
1194,Ap #718-9050 In Avenue
1195,832-6030 Eu	 Road
1196,348-7164 A Avenue
1197,Ap #184-882 Lectus St.
1198,4892 Arcu Street
1199,225-9123 Rhoncus. Ave
1200,P.O. Box 219	 7531 Eu Av.
1201,P.O. Box 411	 6056 Elementum	 Av.
1202,6562 Turpis. Street
1203,P.O. Box 234	 4433 Lorem. Street
1204,540-5959 Magna Avenue
1205,544-3148 Et St.
1206,8035 Natoque Road
1207,8516 Leo. Ave
1208,Ap #447-2758 Eros Av.
1209,409-4335 Dictum Rd.
1210,Ap #660-4234 Mauris St.
1211,263-9950 Tincidunt Ave
1212,Ap #587-4453 Nunc Road
1213,P.O. Box 491	 2518 Vestibulum Street
1214,988-5842 Duis St.
1215,P.O. Box 844	 4728 Orci Ave
1216,968-3337 Enim. Av.
1217,Ap #338-5132 Non	 Street
1218,Ap #552-196 Dignissim Av.
1219,P.O. Box 989	 8885 Cursus Av.
1220,P.O. Box 293	 862 Turpis Rd.
1221,Ap #771-7239 Lectus Road
1222,1155 Magnis Rd.
1223,Ap #401-754 Vitae St.
1224,Ap #834-5506 Amet Road
1225,6700 Auctor	 Ave
1226,Ap #851-5400 Ac Av.
1227,374-1051 Consectetuer Rd.
1228,Ap #496-5718 Ante Avenue
1229,980-9650 Odio Av.
1230,633-3396 Maecenas Ave
1231,Ap #226-4949 Augue Av.
1232,Ap #803-2367 Dapibus Avenue
1233,P.O. Box 207	 8154 Urna	 Road
1234,P.O. Box 952	 1946 Scelerisque Rd.
1235,P.O. Box 225	 325 Ut Av.
1236,P.O. Box 416	 1261 Rutrum Ave
1237,P.O. Box 207	 7182 Malesuada Rd.
1238,Ap #120-1728 Amet Street
1239,Ap #997-9453 Tellus Rd.
1240,P.O. Box 523	 1031 Fusce Av.
1241,P.O. Box 810	 8253 Sapien. Road
1242,772-5926 Pharetra Street
1243,429-5191 Amet	 Road
1244,Ap #668-6203 Mauris Ave
1245,Ap #891-7624 Nec Rd.
1246,Ap #735-9696 Sociis Rd.
1247,8444 Tempor Rd.
1248,Ap #245-7046 Orci	 Avenue
1249,182-7981 Orci Av.
1250,P.O. Box 533	 5079 Donec Street
1251,P.O. Box 520	 7377 Id	 St.
1252,Ap #201-887 Cum Rd.
1253,2507 Ut Road
1254,2682 Dolor St.
1255,570-7116 A	 Street
1256,920-3775 Semper St.
1257,P.O. Box 225	 4242 Ut Rd.
1258,497-6860 Vel St.
1259,P.O. Box 625	 2191 Nullam Av.
1260,P.O. Box 377	 4530 Nulla. St.
1261,4927 Egestas Road
1262,P.O. Box 449	 1091 Justo. Street
1263,681-4862 Nisi. Road
1264,2934 Cum St.
1265,Ap #288-7618 Amet Ave
1266,Ap #802-3317 Tempor Rd.
1267,1212 Quisque Av.
1268,Ap #186-6133 Et	 Rd.
1269,573-2729 At Rd.
1270,Ap #766-5872 Lectus Road
1271,416-9117 Eros Avenue
1272,3548 Nulla Street
1273,474-5559 Adipiscing. Av.
1274,P.O. Box 597	 4445 Accumsan Rd.
1275,544-3423 Cras Av.
1276,448-7787 Conubia Rd.
1277,P.O. Box 551	 1679 Arcu. Avenue
1278,1875 Sit Rd.
1279,7584 Aliquet	 St.
1280,826-8457 Pharetra	 Rd.
1281,400-149 Nisl St.
1282,Ap #436-6664 Nec St.
1283,674 Congue. Ave
1284,Ap #495-4753 Lectus Rd.
1285,Ap #170-3745 Nulla Road
1286,Ap #950-9189 Risus Street
1287,997-4686 Et Rd.
1288,894-2118 At	 Rd.
1289,117-6825 Malesuada Ave
1290,4037 Laoreet Ave
1291,924-8268 Vitae St.
1292,542-1807 Vel Avenue
1293,Ap #896-9659 Dolor. Avenue
1294,407-2940 Sed St.
1295,Ap #506-1950 Purus	 St.
1296,465-7877 Ac Rd.
1297,561-2129 Eget St.
1298,763-9587 Eu St.
1299,8262 Nec Av.
1300,980-3214 Scelerisque Street
1301,630-6519 Aliquam Rd.
1302,2327 Arcu Av.
1303,877 Fermentum St.
1304,Ap #456-7615 Interdum St.
1305,Ap #337-4526 Sit Street
1306,6828 Magnis Rd.
1307,1718 Augue Road
1308,Ap #208-3418 Eu Avenue
1309,Ap #754-9921 Donec Rd.
1310,5830 Adipiscing St.
1311,Ap #334-9529 Turpis Rd.
1312,Ap #593-3941 Duis Rd.
1313,Ap #115-4372 Justo Rd.
1314,394 Pharetra. Ave
1315,343-8026 Leo. St.
1316,7844 Tempor Street
1317,6070 Quam St.
1318,226-1555 Facilisi. Rd.
1319,1357 Morbi Rd.
1320,P.O. Box 759	 7366 Aliquam Rd.
1321,Ap #855-9306 Nunc Road
1322,8919 Lobortis Street
1323,333-5277 Turpis St.
1324,Ap #393-4220 Sed Road
1325,618-5319 Montes	 St.
1326,378-5231 Eu Rd.
1327,Ap #401-2175 Aliquet St.
1328,Ap #261-9275 Mollis St.
1329,3777 Imperdiet Street
1330,5829 Quis Avenue
1331,P.O. Box 454	 8721 Phasellus Rd.
1332,295-1255 Iaculis Ave
1333,Ap #648-622 Mauris Street
1334,Ap #371-6150 Non	 Ave
1335,7889 Lorem St.
1336,595-4375 Odio Street
1337,949-7679 Facilisis Av.
1338,P.O. Box 906	 4418 Nam St.
1339,987-5616 Sollicitudin St.
1340,2919 Volutpat Rd.
1341,2985 Mi Ave
1342,211-3062 Ipsum Road
1343,P.O. Box 993	 2900 Aliquet	 Av.
1344,985-4553 Purus St.
1345,Ap #993-9498 Massa. Avenue
1346,524-3553 A Rd.
1347,759-6336 Proin Street
1348,970-2836 Enim Ave
1349,451-6543 Lorem Road
1350,Ap #618-4131 Elit. Rd.
1351,439-9636 Aliquam Rd.
1352,Ap #603-7712 Ipsum Avenue
1353,277-6334 Diam. St.
1354,2047 Tellus Avenue
1355,P.O. Box 594	 6341 Molestie Ave
1356,228-5017 Tempor Road
1357,802-9710 Duis Road
1358,4619 Quis St.
1359,Ap #958-3990 Sed Road
1360,172-320 At	 Ave
1361,Ap #617-3715 Facilisis St.
1362,207-3753 Eros Street
1363,Ap #441-2270 Cras Rd.
1364,Ap #123-363 Ante	 Rd.
1365,5468 Ligula. St.
1366,662-9565 Dis Avenue
1367,P.O. Box 968	 8937 Lorem Rd.
1368,Ap #474-191 Blandit Rd.
1369,9117 Blandit Avenue
1370,P.O. Box 133	 8508 Pede Rd.
1371,Ap #291-7883 Dis St.
1372,297-4378 Nec	 Rd.
1373,199-931 Euismod St.
1374,5593 Malesuada. Road
1375,Ap #792-6524 Adipiscing. St.
1376,9432 Quam Ave
1377,303-8001 Consequat	 Avenue
1378,Ap #721-1996 In Rd.
1379,Ap #294-7230 At Avenue
1380,4658 Lectus Street
1381,Ap #782-701 Sed St.
1382,Ap #163-3115 Class Road
1383,P.O. Box 160	 5300 Dignissim Avenue
1384,P.O. Box 635	 3467 Neque Av.
1385,9468 Pretium Rd.
1386,Ap #490-6286 Vitae	 Av.
1387,6514 Elit Road
1388,Ap #695-4132 Purus	 Ave
1389,Ap #553-7079 Quam Ave
1390,367-8159 Bibendum. Avenue
1391,566-9634 Id Street
1392,9093 Adipiscing St.
1393,P.O. Box 934	 3625 Dictum. St.
1394,Ap #805-8612 Dictum. Avenue
1395,835-6787 Mauris Avenue
1396,Ap #903-3065 Elit Street
1397,4245 Mi St.
1398,Ap #156-7243 Odio. St.
1399,P.O. Box 993	 1187 Magna. Av.
1400,9580 Mauris Street
1401,Ap #496-5541 Luctus Ave
1402,Ap #489-8412 Convallis Avenue
1403,235-672 Ac Street
1404,5998 Risus. Rd.
1405,Ap #483-3747 Accumsan Av.
1406,1339 Sed St.
1407,807-7765 Egestas St.
1408,290-2149 Cras St.
1409,Ap #453-9484 Curabitur Rd.
1410,829-3305 Egestas Ave
1411,Ap #664-703 Mauris Avenue
1412,9259 Egestas. Rd.
1413,P.O. Box 840	 176 Mi Avenue
1414,733-9974 Nascetur Street
1415,Ap #779-4908 Proin Street
1416,Ap #136-1393 Cursus. Avenue
1417,981-9443 Sapien Rd.
1418,P.O. Box 966	 6161 Lorem	 Road
1419,Ap #256-8080 Luctus St.
1420,586-2298 Sed Av.
1421,3527 Egestas Av.
1422,348-8997 Nullam Street
1423,Ap #991-6084 Sem. Street
1424,P.O. Box 414	 3209 Nunc Street
1425,Ap #323-8767 Sagittis Avenue
1426,6944 Phasellus St.
1427,P.O. Box 920	 6769 Cursus. Ave
1428,6043 Cum Rd.
1429,518-2240 Duis St.
1430,Ap #756-6263 Arcu Rd.
1431,233-1631 Nec	 Rd.
1432,Ap #438-671 Curae St.
1433,1190 Lectus Ave
1434,643 Fusce Avenue
1435,505-9253 Turpis Av.
1436,Ap #692-3087 Mus. Rd.
1437,129-505 At	 St.
1438,Ap #301-5707 Erat Avenue
1439,Ap #868-8066 Mollis. Avenue
1440,Ap #879-5062 Vitae	 Street
1441,Ap #473-9714 Ligula Ave
1442,117-4698 Feugiat Rd.
1443,Ap #448-9385 Nulla Ave
1444,Ap #804-5086 In	 Ave
1445,Ap #936-2322 Convallis Rd.
1446,458 Suspendisse Avenue
1447,Ap #104-3471 Cursus Av.
1448,Ap #552-2487 Consequat Avenue
1449,304-4667 Sed Road
1450,551-6039 Donec Ave
1451,613-8770 Lorem St.
1452,P.O. Box 392	 6473 Lobortis Av.
1453,6544 Feugiat Rd.
1454,789-5876 Sodales Ave
1455,Ap #124-6380 Ac Ave
1456,495-4674 Ultrices Ave
1457,6843 Neque Av.
1458,P.O. Box 690	 1506 Elit St.
1459,P.O. Box 863	 6730 Lobortis Avenue
1460,2377 Felis Av.
1461,4536 Neque. Avenue
1462,Ap #792-5484 Aliquam Rd.
1463,561-658 In Avenue
1464,Ap #646-928 Rutrum	 Rd.
1465,3245 Cursus Rd.
1466,P.O. Box 136	 990 Pellentesque St.
1467,Ap #821-9159 Curae Rd.
1468,6224 In Rd.
1469,136-9796 Eros St.
1470,5161 A	 Ave
1471,9672 Sem. St.
1472,354-5470 Proin Ave
1473,Ap #160-8682 Laoreet St.
1474,761-3907 Scelerisque Rd.
1475,292-8338 Elit St.
1476,438-640 Diam. Street
1477,Ap #926-8581 Aenean Avenue
1478,385-3154 Luctus St.
1479,923-930 Suspendisse Road
1480,Ap #641-2747 Ligula Street
1481,345-6716 Dui. Avenue
1482,P.O. Box 968	 6789 Mauris Rd.
1483,2511 Mollis St.
1484,532-3159 Sed Av.
1485,753-525 In St.
1486,Ap #140-4196 Non	 Rd.
1487,Ap #359-6684 Dolor Av.
1488,995-7221 At	 Ave
1489,Ap #987-3906 Semper Ave
1490,1174 Elit. Rd.
1491,3555 Placerat	 St.
1492,P.O. Box 285	 2867 Adipiscing Road
1493,472-3330 Nullam St.
1494,Ap #712-5726 Fermentum Street
1495,204-7089 Condimentum. Road
1496,6487 Adipiscing St.
1497,Ap #555-7048 Et	 Av.
1498,Ap #224-6360 Luctus. Avenue
1499,103-8343 Erat	 St.
1500,1259 Pellentesque Street